hz,cf,power_level_dBm,measured_dBm,corrected_measured_dBm
100000000.0,99.3,-5.0,-4.99,-4.95507
2000000000.0,98.6,-5.0,-5.2700000000000005,-5.19622
100000000.0,99.3,0.0,0.02,0.01986
2000000000.0,98.6,0.0,-0.23,-0.22678
100000000.0,99.3,10.0,10.01,9.93993
2000000000.0,98.6,10.0,9.92,9.78112
100000000.0,99.3,15.0,14.97,14.865210000000001
2000000000.0,98.6,15.0,15.01,14.799859999999999
