hz,cf,power_level_dBm,measured_dBm,corrected_measured_dBm
100000000.0,99.4,-5.0,-5.0600000000000005,-5.029640000000001
2000000000.0,97.3,-5.0,-5.33,-5.18609
100000000.0,99.4,0.0,-0.01,-0.009940000000000001
2000000000.0,97.3,0.0,-0.26,-0.25298
100000000.0,99.4,10.0,9.99,9.930060000000001
2000000000.0,97.3,10.0,9.89,9.62297
100000000.0,99.4,15.0,14.950000000000001,14.860300000000002
2000000000.0,97.3,15.0,14.99,14.58527
